Time,País,Principal jogador,Destaque recente,Dica sobre o time
FURIA,Brasil,KSCERATO,Top 15 mundial,"Melhor time brasileiro — estilo agressivo e carismático."
MIBR,Brasil,brnz4n,Constante em torneios regionais,"Boa referência do cenário sul-americano — foco em desenvolvimento."
G2,Europa,NiKo,Vencedor da BLAST Premier 2024,"Time muito agressivo, ótimo para estudar táticas de entry frag."
Vitality,França,ZywOo,Top 1 mundial em 2024,"Focado em sinergia e disciplina — assista para entender setups defensivos."
Natus Vincere,Ucrânia,m0NESY,Top 4 no PGL Major Copenhagen 2025,"Forte em estratégias táticas e uso de utilitários."
FaZe Clan,Internacional,broky,Finalista da IEM Cologne 2024,"Estilo flexível e jogadores experientes — ótimo para aprender posicionamento."
Falcons,Arábia Saudita (internacional),Magisk,Top 8 no Major 2025,"Novo supertime com jogadores ex-Vitality — acompanhe o crescimento."
Spirit,Rússia,donk,Vencedor do IEM Katowice 2024,"Baseado em mira bruta e confiança — jogam de forma agressiva e rápida."
MOUZ,Alemanha,torzsi,Semifinalista do Major 2025,"Time jovem e taticamente sólido — bom exemplo de coordenação em equipe."
ENCE,Finlândia,SunPayus,Top 10 mundial,"Conhecido por execuções precisas e disciplina tática."
Heroic,Dinamarca,TeSeS,Constante no top 10,"Excelentes setups de CT — ideal para estudar rotações."
Complexity,Estados Unidos,Grim,Top 12 global,"Time norte-americano em ascensão — aposta em individualidades fortes."
Astralis,Dinamarca,stavn,Reformulado em 2025,"Histórico lendário — ótimo para ver fundamentos clássicos do CS."
BIG,Alemanha,tabsen,Presença em torneios tier 1,"Tático e metódico — boa referência de jogo cerebral."
Virtus pro,Rússia,FL1T,Vice-campeão da ESL Challenger 2024,"Estilo defensivo e estratégico — ótimo para aprender paciência."